INSERT INTO Page ("id","titolo","creationDate","lastModifiedDate","index") VALUES ("0","Pagina 1","09.03.2025","09.03.2025","0");
INSERT INTO Page ("id","titolo","creationDate","lastModifiedDate","index") VALUES ("1","Pagina 2","09.03.2025","09.03.2025","1");
INSERT INTO Page ("id","titolo","creationDate","lastModifiedDate","index") VALUES ("2","Pagina 3","09.03.2025","09.03.2025","2");
INSERT INTO Page ("id","titolo","creationDate","lastModifiedDate","index") VALUES ("3","Pagina 4","09.03.2025","09.03.2025","3");
INSERT INTO Note (id, text, creationDate, lastModifiedDate, positionX, positionY, sizeX, sizeY) VALUES ("0","Testo ","14.03.2025","14.03.2025","20","20","100","100");
INSERT INTO Note (id, text, creationDate, lastModifiedDate, positionX, positionY, sizeX, sizeY) VALUES ("1","Testo ","14.03.2025","14.03.2025","20","130","100","100");
INSERT INTO Note (id, text, creationDate, lastModifiedDate, positionX, positionY, sizeX, sizeY) VALUES ("2","Testo ","14.03.2025","14.03.2025","20","240","100","100");
INSERT INTO Note (id, text, creationDate, lastModifiedDate, positionX, positionY, sizeX, sizeY) VALUES ("3","Testo ","14.03.2025","14.03.2025","20","350","100","100");
INSERT INTO Note (id, text, creationDate, lastModifiedDate, positionX, positionY, sizeX, sizeY) VALUES ("4","Testo ","14.03.2025","14.03.2025","20","460","100","100");
INSERT INTO Note (id, text, creationDate, lastModifiedDate, positionX, positionY, sizeX, sizeY) VALUES ("5","Testo ","14.03.2025","14.03.2025","20","570","100","100");
INSERT INTO Note (id, text, creationDate, lastModifiedDate, positionX, positionY, sizeX, sizeY) VALUES ("6","Testo ","14.03.2025","14.03.2025","20","680","100","100");
INSERT INTO Note (id, text, creationDate, lastModifiedDate, positionX, positionY, sizeX, sizeY) VALUES ("7","Testo ","14.03.2025","14.03.2025","20","790","100","100");
INSERT INTO Note (id, text, creationDate, lastModifiedDate, positionX, positionY, sizeX, sizeY) VALUES ("8","Testo ","14.03.2025","14.03.2025","20","800","100","100");
INSERT INTO PageNote (idPage, idNote) VALUES ("0","0");
INSERT INTO PageNote (idPage, idNote) VALUES ("0","1");
INSERT INTO PageNote (idPage, idNote) VALUES ("1","2");
INSERT INTO PageNote (idPage, idNote) VALUES ("1","3");
INSERT INTO PageNote (idPage, idNote) VALUES ("2","4");
INSERT INTO PageNote (idPage, idNote) VALUES ("2","5");
INSERT INTO PageNote (idPage, idNote) VALUES ("3","6");
INSERT INTO PageNote (idPage, idNote) VALUES ("3","7");
INSERT INTO PageNote (idPage, idNote) VALUES ("3","8");